<SciCumulus>
	<environment type="LOCAL"/>	
	<constraint workflow_exectag="example_5" cores="3" performance="false"/>
	<workspace workflow_dir="|#workflow directory#|/example_5""/>
	<database name="|#database name#|" username="|#username#|" password="|#password#|" port="|#port#|" server="|#server#|"/>
	<conceptualWorkflow tag="example_5" description="">
		<activity tag="act1" description="" type="REDUCE" operand="T1" activation="java -jar %=WFDIR%/bin/Reduce.jar IMod1Act1">
			<relation reltype="Input" name="IMod1Act1"/>
			<relation reltype="Output" name="OMod1Act1"/>
			<field name="ID" type="float" input="IMod1Act1" output="OMod1Act1" decimalplaces="0"/>
			<field name="T1" type="float" input="IMod1Act1" decimalplaces="0"/>
			<field name="T2" type="float" input="IMod1Act1" output="OMod1Act1" decimalplaces="0"/>
    	</activity>
	    <activity tag="act2" description="" type="MAP" activation="java -jar %=WFDIR%/bin/Sleep.jar ID=%=ID% T2=%=T2%">
			<relation reltype="Input" dependency="act1"/>
			<relation reltype="Output" name="OMod1Act2" />
			<field name="ID" type="float" output="OMod1Act2" decimalplaces="0"/>
			<field name="T2" type="float" output="OMod1Act2" decimalplaces="0"/>
    	</activity>
	</conceptualWorkflow>
	<executionWorkflow tag="example_5" execmodel="DYN_FAF" expdir="%=WFDIR%/exp" adaptive="false">
		<relation name="IMod1Act1" filename="input.dataset"/>
	</executionWorkflow>
</SciCumulus>
