<Hydra>
    <database name="scicumulus" password="livre2008!" port="5432" server="ec2-50-17-107-164.compute-1.amazonaws.com" username="postgres" />
    <HydraWorkflow description="Phylogenetic tree construction" exectag="execution-2" expdir="/root/SciPhy/" tag="SciPhy-sc" verbose="true">
        <HydraActivity activation="./experiment.cmd" description="alignment" tag="mafft" templatedir="/root/SciPhy/template_mafft/" type="MAP">
		<Relation filename="parameter.txt" name="A" reltype="Input" />
		<Relation filename="output_mafft.txt" name="C" reltype="Output" />
		<File filename="experiment.cmd" instrumented="true" />
		<Field input="A" name="FASTA_FILE" output="C" type="string" />
        </HydraActivity>
	<HydraActivity activation="./experiment.cmd" description="Format Alignment" tag="readseq" templatedir="/root/SciPhy/template_readseq/" type="MAP">
		<Relation dependency="mafft" filename="output_mafft.txt" name="A" reltype="Input" />
		<Relation filename="output_readseq.txt" name="C" reltype="Output" />
		<File filename="experiment.cmd" instrumented="true" />
		<Field input="A" name="FASTA_FILE" output="C" type="string" />
        </HydraActivity>
	<HydraActivity activation="./experiment.cmd" description="Search for models" tag="modelgenerator" templatedir="/root/SciPhy/template_modelgenerator/" type="MAP">
		<Relation dependency="readseq" filename="output_readseq.txt" name="A" reltype="Input" />
		<Relation filename="output_modelgenerator.txt" name="C" reltype="Output" />
		<File filename="experiment.cmd" instrumented="true" />
		<Field input="A" name="FASTA_FILE" output="C" type="string" />
        </HydraActivity>
	<HydraActivity activation="./experiment.cmd" description="Phylogeny with RAxML" tag="raxml" templatedir="/root/SciPhy/template_raxml/" type="MAP">
		<Relation dependency="modelgenerator" filename="output_modelgenerator.txt" name="A" reltype="Input" />
		<Relation filename="output_raxml.txt" name="C" reltype="Output" />
		<File filename="experiment.cmd" instrumented="true" />
		<Field input="A" name="FASTA_FILE" output="C" type="string" />
        </HydraActivity>
	</HydraWorkflow>
</Hydra>
