<SciCumulus>
	<environment type="LOCAL"/>
	<constraint workflow_exectag="example_2" cores="3"/>
	<workspace workflow_dir="|#workflow directory#|/example_2""/>
	<database name="|#database name#|" username="|#username#|" password="|#password#|" port="|#port#|" server="|#server#|"/>
	<conceptualWorkflow tag="example_2" description="">
		<activity tag="act1" description="" type="SPLIT_MAP" activation="java -jar %=WFDIR%/bin/SplitMap.jar T2=%=T2%">
			<relation reltype="Input" name="IEx2Act1"/>
			<relation reltype="Output" name="OEx2Act1" />
			<field name="ID" type="float" input="IEx2Act1" output="OEx2Act1" decimalplaces="0"/>
			<field name="T1" type="float" input="IEx2Act1" decimalplaces="0"/>
			<field name="T2" type="float" input="IEx2Act1" output="OEx2Act1" decimalplaces="0"/>
        </activity>
		<activity tag="act2" description="" type="MAP" activation="java -jar %=WFDIR%/bin/Sleep.jar ID=%=ID% T2=%=T2%">
			<relation reltype="Input" dependency="act1"/>
			<relation reltype="Output" name="OEx2Act2" />
			<field name="ID" type="float" output="OEx2Act2" decimalplaces="0"/>
			<field name="T2" type="float" output="OEx2Act2" decimalplaces="0"/>
        </activity>
	</conceptualWorkflow>
	<executionWorkflow tag="example_2" execmodel="DYN_FAF" expdir="%=WFDIR%/exp" max_failure="5" user_interaction="false" redundancy="false" reliability="0.1">
		<relation name="IEx2Act1" filename="Input.dataset"/>
	</executionWorkflow>
</SciCumulus>