<SciCumulus>
	<environment type="LOCAL"/>
	<constraint workflow_exectag="example_4" cores="3" performance="false"/>
	<workspace workflow_dir="|#workflow directory#|/example_4""/>
	<database name="|#database name#|" username="|#username#|" password="|#password#|" port="|#port#|" server="|#server#|"/>
	<conceptualWorkflow tag="example_4" description="">
		<activity tag="act1" description="" type="MR_QUERY" activation="SELECT EWKFID, %=KEY%, ID, T2 FROM iex4act1 WHERE F>0 AND ewkfid=%=EWKFID%">
			<relation reltype="Input" name="IEx4Act1"/>
			<relation reltype="Output" name="OEx4Act1"/>
			<field name="ID" type="float" input="IEx4Act1" output="OEx4Act1" decimalplaces="0"/>
			<field name="T1" type="float" input="IEx4Act1" decimalplaces="0"/>
			<field name="T2" type="float" input="IEx4Act1" output="OEx4Act1" decimalplaces="0"/>
			<field name="F"  type="float" input="IEx4Act1" decimalplaces="0"/>
        </activity>
		<activity tag="act2" description="" type="MAP" activation="java -jar %=WFDIR%/bin/Sleep.jar ID=%=ID% T2=%=T2%">
			<relation reltype="Input" dependency="act1"/>
			<relation reltype="Output" name="OEx4Act2" />
			<field name="ID" type="float"  output="OEx4Act2" decimalplaces="0"/>
			<field name="T2" type="float"  output="OEx4Act2" decimalplaces="0"/>
        </activity>
	</conceptualWorkflow>
	<executionWorkflow tag="example_4" execmodel="DYN_FAF" expdir="%=WFDIR%/exp" max_failure="5" user_interaction="false" redundancy="false" reliability="0.1">
		<relation name="IEx4Act1" filename="Input.dataset"/>
	</executionWorkflow>
</SciCumulus>